CustomerID,FirstName,MiddleInitial,LastName
1,Aaron,NULL,Alexander
5,Aaron,NULL,Coleman
8,Aaron,NULL,Flores
21,Aaron,NULL,Powell
24,Aaron,NULL,Shan
38,Aaron,J,McDonald
51,Aaron,R,Nelson
80,Abigail,NULL,Clark
240,Adriana,NULL,Suri
320,Alan,NULL,Guo
372,Alberto,NULL,Ramos
400,Alejandro,NULL,McGuel
480,Alex,M,Carter
640,Alexandria,NULL,Griffin
720,Alexis,B,Hughes
800,Alisha,NULL,Nath
880,Allen,O,Lopez
979,Alyssa,NULL,Lee
1040,Alyssa,S,Wood
1120,Amber,NULL,Phillips
1200,Andre,E,Arun
1280,Andrew,NULL,Jackson
1440,Angelica,J,Jenkins
1600,Antonio,NULL,Gonzales
1680,Arianna,A,Hughes
1687,Arianna,C,Richardson
1699,Arianna,M,Bell
1760,Arthur,D,Madan
1840,Ashlee,J,Andersen
1920,Audrey,L,Alvarez
2000,Bailey,NULL,Collins
2080,Barbara,K,Jai
2160,Benjamin,E,Russell
2240,Bianca,NULL,Lu
2302,Blake,NULL,Long
2306,Blake,NULL,Parker
2320,Blake,C,Bryant
2400,Bonnie,L,Chande
2413,Brad,NULL,Tang
2480,Brandon,NULL,Davis
2560,Brenda,NULL,Malhotra
2640,Brett,L,Rana
2720,Brianna,A,Rivera
2800,Brittany,NULL,Hughes
2880,Bruce,NULL,Torres
2895,Bruce,L,Alonso
2960,Bryce,NULL,Rogers
3023,Caleb,NULL,Li
3026,Caleb,NULL,Patterson
3120,Cameron,L,Rodriguez
3200,Cara,R,Guo
3241,Carla,J,Gonzalez
3261,Carlos,NULL,Howard
3280,Carlos,C,Rivera
3360,Carol,L,Patterson
3374,Caroline,NULL,Butler
3440,Carrie,NULL,Gill
3520,Casey,J,Xu
3541,Cassandra,D,Madan
3600,Catherine,NULL,Peterson
3680,Cesar,L,Perez
3760,Charles,J,Strange
3920,Chloe,L,Lopez
3989,Christian,J,Hughes
4000,Christian,R,Lee
4080,Christy,NULL,Goel
4160,Clarence,NULL,Pal
4182,Clarence,L,Zeng
4320,Cole,NULL,Gray
4400,Colleen,NULL,Zheng
4480,Connor,L,Mitchell
4560,Craig,NULL,Gutierrez
4588,Cristina,NULL,Xu
4640,Curtis,N,Lin
4700,Dakota,A,Russell
4720,Dale,A,Tang
4880,Dana,C,Diaz
4960,Danny,NULL,Suarez
5040,Darryl,NULL,Hu
5120,David,J,Byrnes
5280,Denise,NULL,Prasad
5360,Derrick,C,Moreno
5440,Destiny,L,Flores
5520,Devin,J,Rivera
5600,Diane,L,Suarez
5676,Donald,D,Martinez
5680,Donald,M,Kovár
5760,Drew,D,Rai
5784,Dustin,NULL,Xie
5840,Dylan,C,Long
5915,Eddie,NULL,Gomez
6000,Eduardo,NULL,Walker
6080,Edward,NULL,Ross
6160,Edwin,M,Guo
6240,Elizabeth,A,White
6400,Emmanuel,NULL,Suri
6480,Erica,NULL,Lu
6522,Erik,NULL,Gill
6560,Erika,K,Navarro
6640,Ethan,A,Clark
6800,Faith,L,Patterson
6880,Fernando,L,Williams
6960,Frank,NULL,Munoz
7040,Frederick,NULL,Srini
7111,Gabriella,NULL,Cook
7200,Gabrielle,D,Peterson
7280,Gary,P,Meyerhoff
7360,Gerald,NULL,Gomez
7440,Gilbert,L,Hu
7482,Glenn,A,Zeng
7520,Gloria,S,Alonso
7600,Grant,NULL,Pal
7723,Hailey,R,Rivera
7760,Haley,B,Phillips
7840,Harold,NULL,Lopez
7849,Harold,D,Subram
7920,Heidi,L,Rodriguez
7956,Henry,M,Prasad
8000,Hunter,NULL,Hughes
8160,Isaac,NULL,James
8240,Isabella,NULL,Lopez
8241,Isabella,NULL,Mitchell
8320,Isabelle,C,Barnes
8400,Jack,NULL,Carter
8438,Jack,L,Wang
8560,Jacob,NULL,Rodriguez
8640,Jacquelyn,L,Ruiz
8720,Jaime,E,Jimenez
8782,James,NULL,Kumar
8784,James,NULL,Mitchell
8804,James,C,Evans
8880,Jamie,NULL,Zhao
8960,Janet,B,Ramos
9120,Jason,NULL,Scott
9169,Jay,NULL,Carlson
9280,Jenna,M,Lopez
9360,Jennifer,L,Morgan
9440,Jeremiah,NULL,Lopez
9520,Jeremy,S,Wright
9680,Jessica,A,Hughes
9760,Jésus,E,Blanco
9840,Jimmy,NULL,Carlson
9920,Jocelyn,NULL,Gonzales
10000,Joe,L,Lopez
10080,John,T,Kane
10240,Jonathan,J,Bryant
10320,Jordan,J,Hill
10372,Jorge,NULL,Leitão
10400,Jose,NULL,"De Oliveira"
10471,José,G,Lopez
10480,Joseph,NULL,Rodriguez
10640,Julia,A,Price
10720,Julie,NULL,Becker
10800,Justin,G,Clark
10880,Kaitlyn,A,Carter
11040,Karl,NULL,Raje
11086,Kate,NULL,Becker
11120,Katelyn,NULL,Rogers
11200,Katherine,A,King
11440,Kaylee,W,Kelly
11520,Kellie,NULL,Torres
11600,Kelvin,A,He
11680,Kevin,NULL,Baker
11699,Kevin,NULL,Patterson
11760,Kimberly,J,Cooper
11840,Kristi,A,Saunders
11920,Kristine,F,Alvarez
12000,Kurt,NULL,Yuan
12065,Kyle,T,Young
12158,Larry,S,Gomez
12160,Larry,T,Alvarez
12240,Lauren,NULL,Cook
12400,Leslie,NULL,Ortega
12423,Levi,NULL,Prasad
12560,Logan,NULL,King
12640,Lori,C,Alvarez
12654,Louis,NULL,Hu
12800,Luis,NULL,Hayes
12880,Luke,C,Edwards
12960,Mackenzie,M,Carter
12964,Mackenzie,M,Ramirez
13120,Manuel,NULL,Prasad
13200,Marcus,NULL,Hall
13261,Marcus,L,Peterson
13280,Marcus,T,Gray
13360,Maria,G,Bennett
13440,Marie,NULL,Moreno
13482,Mario,H,Rai
13520,Mark,NULL,Lee
13600,Martin,NULL,Rodriguez
13680,Mary,S,Green
13760,Matthew,NULL,White
13920,Megan,L,Stewart
13981,Melanie,B,Russell
14000,Melanie,N,Alexander
14080,Melody,A,Dominguez
14160,Micah,NULL,Chen
14320,Michelle,NULL,Reed
14400,Miguel,K,Hayes
14480,Miranda,L,Simmons
14588,Monique,R,Moreno
14640,Morgan,D,Edwards
14720,Nancy,E,Chapman
14800,Natalie,A,Sanders
14880,Nathan,NULL,Kumar
15040,Nichole,NULL,Nara
15120,Nicole,D,Murphy
15280,Olivia,NULL,Perry
15300,Olivia,D,Bennett
15440,Paige,NULL,Ramirez
15520,Patricia,M,Zubaty
15543,Patrick,L,Sanders
15600,Pedro,NULL,Romero
15651,Peter,E,Black
15680,Philip,M,Gutierrez
15760,Priscilla,R,Raji
15840,Rachel,L,Ramirez
15915,Ramon,NULL,She
16000,Raul,NULL,Xu
16080,Rebekah,A,Suri
16160,Renee,E,Romero
16240,Richard,NULL,White
16266,Richard,J,Martinez
16320,Ricky,S,Carlson
16400,Robert,A,Chen
16480,Robin,NULL,Hernandez
16560,Roger,E,Raje
16629,Rosa,NULL,Cai
16640,Rosa,A,Lu
16800,Russell,NULL,Xu
16870,Ryan,C,Davis
16880,Ryan,H,Long
16960,Samantha,K,Taylor
17023,Samuel,L,Robinson
17040,Samuel,V,Russell
17200,Savannah,E,Turner
17242,Sean,NULL,Green
17280,Sean,L,Reed
17360,Seth,NULL,Perry
17440,Shane,E,Malhotra
17477,Shannon,D,Ye
17520,Sharon,M,Raje
17600,Sheena,NULL,Lal
17664,Shelley,N,Dyck
17680,Sierra,NULL,Hernandez
17760,Stacey,NULL,Ye
17840,Stefanie,T,Mehta
17849,Stephanie,NULL,Cook
17920,Steve,NULL,Ma
17953,Steven,NULL,Watson
17956,Steven,B,Levy
18000,Summer,M,Rana
18080,Sydney,NULL,Edwards
18160,Sylvia,A,Caldwell
18182,Tabitha,A,Gonzalez
18197,Tabitha,M,Rodriguez
18240,Tamara,L,Chander
18320,Tasha,NULL,Shan
18400,Taylor,M,Henderson
18480,Terri,L,Duffy
18560,Thomas,NULL,Gonzales
18568,Thomas,NULL,Li
18640,Tiffany,NULL,Xu
18700,Timothy,L,Sanders
18720,Tina,C,Malhotra
18804,Toni,M,Sullivan
18880,Trevor,NULL,Washington
18960,Tristan,M,Wood
19040,Valerie,NULL,Lin
19120,Victor,NULL,Jimenez
19280,Walter,S,Navarro
19360,Wendy,NULL,Sanz
19440,William,K,Sotelo
19520,Wyatt,NULL,Thompson
19680,Yvonne,NULL,McKay
